{"cameraMode":{"drawMode":0,"name":"Shaded","section":"Shading Mode"},"sceneLighting":true,"audioPlay":false,"sceneViewState":{"showFog":false,"showMaterialUpdate":false,"showSkybox":false,"showFlares":false,"showImageEffects":false,"showParticleSystems":false},"in2DMode":false,"pivot":{"x":-4.388406753540039,"y":0.6816863417625427,"z":4.69101619720459},"rotation":{"x":0.02611394226551056,"y":0.5705242156982422,"z":-0.018154332414269449,"w":0.8206647634506226},"size":6.241700172424316,"orthographic":false}